Inventory,Impact Category,score,quantity,percentage,name,reference product
"Lithium hydroxide, brine",Climate change,2.5462418528319524,43.12570633896887,33.19381564306911,"heat production, natural gas, at industrial furnace >100kW","heat, district or industrial, natural gas"
"Lithium hydroxide, brine",Climate change,1.276628053657156,1.1749313758947098,16.642628119058937,"quicklime production, in pieces, loose","quicklime, in pieces, loose"
"Lithium hydroxide, brine",Climate change,0.6931245454963114,0.7086947109819315,9.035845654371577,"electricity production, hard coal","electricity, high voltage"
"Lithium hydroxide, brine",Climate change,0.46101642006674554,0.02642382350806498,6.009992349746057,natural gas venting from petroleum/natural gas production,"natural gas, vented"
"Lithium hydroxide, brine",Climate change,0.44946041663784,3.898651598068302,5.859343719505714,"heat production, at hard coal industrial furnace 1-10MW","heat, district or industrial, other than natural gas"
"Lithium hydroxide, brine",Climate change,0.2551862347976861,3.434826884776878,3.326708664026655,"diesel, burned in building machine","diesel, burned in building machine"
"Lithium hydroxide, brine",Climate change,0.1604014567057497,2.3874067633875202,2.0910568164797914,"sweet gas, burned in gas turbine","sweet gas, burned in gas turbine"
"Lithium hydroxide, brine",Climate change,0.09412598762935985,0.2400390267567069,1.2270635945740147,"electricity production, natural gas, combined cycle power plant","electricity, high voltage"
"Lithium hydroxide, brine",Climate change,0.09309142142911764,0.14775680165101243,1.2135765804935588,"electricity production, natural gas, conventional power plant","electricity, high voltage"
"Lithium hydroxide, brine",Climate change,0.08479620071872605,0.20933534918508998,1.105436803169162,hard coal mine operation and hard coal preparation,hard coal
"Lithium hydroxide, brine",Ecosystem quality,0.1297893924582485,0.01020837475023608,15.692713695791326,"treatment of drilling waste, landfarming",drilling waste
"Lithium hydroxide, brine",Ecosystem quality,0.08622048952538995,0.7086947109819315,10.42483851111463,"electricity production, hard coal","electricity, high voltage"
"Lithium hydroxide, brine",Ecosystem quality,0.055537396764199554,3.898651598068302,6.7149745470186355,"heat production, at hard coal industrial furnace 1-10MW","heat, district or industrial, other than natural gas"
"Lithium hydroxide, brine",Ecosystem quality,0.049666314351495364,0.20933534918508998,6.005107479749633,hard coal mine operation and hard coal preparation,hard coal
"Lithium hydroxide, brine",Ecosystem quality,0.048558530812927055,43.12570633896887,5.8711664112354605,"heat production, natural gas, at industrial furnace >100kW","heat, district or industrial, natural gas"
"Lithium hydroxide, brine",Ecosystem quality,0.0376218241027543,1.9104906798110102,4.548819461866768,"soda production, solvay process","soda ash, light"
"Lithium hydroxide, brine",Ecosystem quality,0.03254724497619362,3.434826884776878,3.935256859781449,"diesel, burned in building machine","diesel, burned in building machine"
"Lithium hydroxide, brine",Ecosystem quality,0.030727867247979285,1.1749313758947098,3.715277605293828,"quicklime production, in pieces, loose","quicklime, in pieces, loose"
"Lithium hydroxide, brine",Ecosystem quality,0.02348883451102939,1.679527565049797e-09,2.840012947498631,onshore petroleum field infrastructure construction,onshore petroleum field infrastructure
"Lithium hydroxide, brine",Ecosystem quality,0.013571388473953318,5.530862447251291e-08,1.640903850017034,"pipeline construction, natural gas, high pressure distribution network","pipeline, natural gas, high pressure distribution network"
"Lithium hydroxide, brine",Human health,2.489624470185803e-06,0.7086947109819315,43.023037560705816,"electricity production, hard coal","electricity, high voltage"
"Lithium hydroxide, brine",Human health,4.4451098725489607e-07,3.434826884776878,7.681565284175794,"diesel, burned in building machine","diesel, burned in building machine"
"Lithium hydroxide, brine",Human health,4.112009778766471e-07,3.898651598068302,7.1059371917507095,"heat production, at hard coal industrial furnace 1-10MW","heat, district or industrial, other than natural gas"
"Lithium hydroxide, brine",Human health,3.035295788010619e-07,0.005065915422828987,5.2452747898034255,"electricity production, hard coal, at coal mine power plant","electricity, high voltage, for internal use in coal mining"
"Lithium hydroxide, brine",Human health,2.0000000444706505e-07,1.0,3.456186989849614,"lithium hydroxide production, Salar de Atacama","lithium hydroxide, battery grade"
"Lithium hydroxide, brine",Human health,1.9884357403733562e-07,0.22366904385484893,3.4362027916101026,coke production,coke
"Lithium hydroxide, brine",Human health,1.8118284144153495e-07,1.9104906798110102,3.1310088272520935,"soda production, solvay process","soda ash, light"
"Lithium hydroxide, brine",Human health,1.2461178748085682e-07,0.5084493969306433,2.153408145484481,"heat production, wood chips from industry, at furnace 300kW","heat, district or industrial, other than natural gas"
"Lithium hydroxide, brine",Human health,8.319667928389052e-08,0.0006633604306763789,1.4377163707302754,"smelting of copper concentrate, sulfide ore","copper, anode"
"Lithium hydroxide, brine",Human health,7.99748915693881e-08,0.0006504375323281808,1.3820408680536354,"smelting of copper concentrate, sulfide ore","copper, anode"
"Lithium hydroxide, brine",Water use,1.1928585233220188,1.9104906798110102,57.3920152301932,"soda production, solvay process","soda ash, light"
"Lithium hydroxide, brine",Water use,0.34398793649078624,0.5509335212719588,16.55029536537287,"soda production, solvay process","soda ash, light"
"Lithium hydroxide, brine",Water use,0.049739703243468644,0.88590270004647,2.3931268882955457,"sodium chloride production, brine solution","sodium chloride, brine solution"
"Lithium hydroxide, brine",Water use,0.04468560469526232,0.7086947109819315,2.149958989351632,"electricity production, hard coal","electricity, high voltage"
"Lithium hydroxide, brine",Water use,0.028914084559936205,0.8233335298258667,1.3911436679092064,"lime production, milled, loose",lime
"Lithium hydroxide, brine",Water use,0.0245643528232046,0.43751017943253645,1.1818649770997318,"sodium chloride production, brine solution","sodium chloride, brine solution"
"Lithium hydroxide, brine",Water use,0.02349669175877421,0.20933534918508998,1.1304965885838614,hard coal mine operation and hard coal preparation,hard coal
"Lithium hydroxide, spodumene",Climate change,8.425223406538061,73.08098662768137,49.03961180324299,"heat production, at hard coal industrial furnace 1-10MW","heat, district or industrial, other than natural gas"
"Lithium hydroxide, spodumene",Climate change,1.3329425043595626,3.290618945527084,7.758486608095167,hard coal mine operation and hard coal preparation,hard coal
"Lithium hydroxide, spodumene",Climate change,0.6599829474251538,0.6074084540629471,3.8414776649570928,"quicklime production, in pieces, loose","quicklime, in pieces, loose"
"Lithium hydroxide, spodumene",Climate change,0.39775946136435064,0.2941643854171784,2.315187222363498,"electricity production, hard coal","electricity, high voltage"
"Lithium hydroxide, spodumene",Climate change,0.308898985120735,56.41029102999391,1.7979685031237689,"transport, freight, sea, bulk carrier for dry goods","transport, freight, sea, bulk carrier for dry goods"
"Lithium hydroxide, spodumene",Climate change,0.30173558429144026,0.31654156352413537,1.756273419336787,"electricity production, hard coal","electricity, high voltage"
"Lithium hydroxide, spodumene",Climate change,0.2289691305614716,0.22930919885667028,1.3327311022930444,"electricity production, hard coal","electricity, high voltage"
"Lithium hydroxide, spodumene",Climate change,0.21568592147826302,0.25676735907768117,1.2554152394951077,"electricity production, hard coal","electricity, high voltage"
"Lithium hydroxide, spodumene",Climate change,0.21385147568880003,0.07963297805025585,1.2447377173632261,"electricity production, hard coal, at coal mine power plant","electricity, high voltage, for internal use in coal mining"
"Lithium hydroxide, spodumene",Climate change,0.20330350082570214,0.011652634462807931,1.1833424797965546,natural gas venting from petroleum/natural gas production,"natural gas, vented"
"Lithium hydroxide, spodumene",Ecosystem quality,1.041059363260804,73.08098662768137,31.12843572752697,"heat production, at hard coal industrial furnace 1-10MW","heat, district or industrial, other than natural gas"
"Lithium hydroxide, spodumene",Ecosystem quality,0.7807229672186441,3.290618945527084,23.344187242069353,hard coal mine operation and hard coal preparation,hard coal
"Lithium hydroxide, spodumene",Ecosystem quality,0.12315165401195684,56.41029102999391,3.6823244494362926,"transport, freight, sea, bulk carrier for dry goods","transport, freight, sea, bulk carrier for dry goods"
"Lithium hydroxide, spodumene",Ecosystem quality,0.10332232950926791,0.8088529527647976,3.089413156300365,sulfuric acid production,sulfuric acid
"Lithium hydroxide, spodumene",Ecosystem quality,0.10263665125767056,10.838180296626481,3.068910875510385,"treatment of non-sulfidic tailing, off-site","non-sulfidic tailing, off-site"
"Lithium hydroxide, spodumene",Ecosystem quality,0.05725413229252028,0.07963297805025585,1.7119403946579392,"electricity production, hard coal, at coal mine power plant","electricity, high voltage, for internal use in coal mining"
"Lithium hydroxide, spodumene",Ecosystem quality,0.05000558933461448,2.041196425830795e-08,1.4952036632609391,inert material landfill construction,inert material landfill
"Lithium hydroxide, spodumene",Ecosystem quality,0.04818881006760219,0.003790212918180348,1.4408806355450565,"treatment of drilling waste, landfarming",drilling waste
"Lithium hydroxide, spodumene",Ecosystem quality,0.04776266403866902,6.420000076293945,1.4281385578688734,spodumene concentrate production,spodumene concentrate
"Lithium hydroxide, spodumene",Ecosystem quality,0.04366860207763355,0.13866197252838017,1.30572311345134,"sulfur production, petroleum refinery operation",sulfur
"Lithium hydroxide, spodumene",Human health,7.708042744928107e-06,73.08098662768137,34.88506235091728,"heat production, at hard coal industrial furnace 1-10MW","heat, district or industrial, other than natural gas"
"Lithium hydroxide, spodumene",Human health,4.77129250467637e-06,0.07963297805025585,21.593917162644367,"electricity production, hard coal, at coal mine power plant","electricity, high voltage, for internal use in coal mining"
"Lithium hydroxide, spodumene",Human health,4.006134691144581e-06,6.420000076293945,18.130965682398397,spodumene concentrate production,spodumene concentrate
"Lithium hydroxide, spodumene",Human health,3.8475391199553344e-07,56.41029102999391,1.7413193794955677,"transport, freight, sea, bulk carrier for dry goods","transport, freight, sea, bulk carrier for dry goods"
"Lithium hydroxide, spodumene",Human health,3.292084453825866e-07,0.8088529527647976,1.4899316887126572,sulfuric acid production,sulfuric acid
"Lithium hydroxide, spodumene",Human health,3.21404418958849e-07,0.15632400898450213,1.4546122233971037,"smelting of copper concentrate, sulfide ore",sulfuric acid
"Lithium hydroxide, spodumene",Human health,2.735147202065692e-07,0.30766282614364543,1.2378730092769945,coke production,coke
"Lithium hydroxide, spodumene",Human health,2.7188432013186807e-07,0.13488583655499636,1.2304941440909765,"smelting of copper concentrate, sulfide ore",sulfuric acid
"Lithium hydroxide, spodumene",Water use,0.6991840813909208,0.8088529527647976,28.10976632406959,sulfuric acid production,sulfuric acid
"Lithium hydroxide, spodumene",Water use,0.39434149448141964,0.1748329354668737,15.853975450507196,"chlor-alkali electrolysis, diaphragm cell","sodium hydroxide, without water, in 50% solution state"
"Lithium hydroxide, spodumene",Water use,0.369353094733508,3.290618945527084,14.849350064401607,hard coal mine operation and hard coal preparation,hard coal
"Lithium hydroxide, spodumene",Water use,0.07895024107784154,0.06289982730884364,3.1740894665567594,"electricity production, hydro, reservoir, alpine region","electricity, high voltage"
"Lithium hydroxide, spodumene",Water use,0.06633721203324626,0.8460235793128194,2.6669994046992955,"sodium chloride production, powder","sodium chloride, powder"
"Lithium hydroxide, spodumene",Water use,0.030229197323831978,0.004691767525589024,1.2153246842329224,"electricity production, hydro, reservoir, alpine region","electricity, high voltage"
"Lithium hydroxide, spodumene",Water use,0.028467243131563815,0.2941643854171784,1.1444876587104817,"electricity production, hard coal","electricity, high voltage"
Cobalt,Climate change,2.2373384810458687,30.114752745714696,14.987916095538761,"diesel, burned in building machine","diesel, burned in building machine"
Cobalt,Climate change,0.72833527603521,12.335816880738115,4.8791133300196385,"heat production, natural gas, at industrial furnace >100kW","heat, district or industrial, natural gas"
Cobalt,Climate change,0.6880351518432146,1.6985440095420299,4.609143057239516,hard coal mine operation and hard coal preparation,hard coal
Cobalt,Climate change,0.6319342133491771,0.03622022425975413,4.233323231069738,natural gas venting from petroleum/natural gas production,"natural gas, vented"
Cobalt,Climate change,0.5812609107026789,0.7700000035762783,3.893863102535889,"lime production, hydraulic","lime, hydraulic"
Cobalt,Climate change,0.4304107977585165,3.73341385001026,2.8833191660847732,"heat production, at hard coal industrial furnace 1-10MW","heat, district or industrial, other than natural gas"
Cobalt,Climate change,0.36436034854399246,0.26946395601047207,2.4408476315867107,"electricity production, hard coal","electricity, high voltage"
Cobalt,Climate change,0.32037172931870245,0.2913824114303771,2.1461681543003532,magnesium oxide production,magnesium oxide
Cobalt,Climate change,0.27641525268075556,0.28997877884026374,1.8517039999998886,"electricity production, hard coal","electricity, high voltage"
Cobalt,Climate change,0.20897380507428923,0.2092841760201828,1.3999141762201275,"electricity production, hard coal","electricity, high voltage"
Cobalt,Ecosystem quality,0.40299175961520994,1.6985440095420299,12.02360059704131,hard coal mine operation and hard coal preparation,hard coal
Cobalt,Ecosystem quality,0.38453465720624214,1.2210222342118877,11.47291730824152,"sulfur production, petroleum refinery operation",sulfur
Cobalt,Ecosystem quality,0.28535709888504185,30.114752745714696,8.513870824059078,"diesel, burned in building machine","diesel, burned in building machine"
Cobalt,Ecosystem quality,0.2563996682414194,1.100000023841858,7.649901345606497,"cobalt hydroxide, hydrometallurigcal procesing of copper-cobalt ore, economic allocation",cobalt hydroxide
Cobalt,Ecosystem quality,0.2524645380761911,26.659640086121634,7.532493402949675,"treatment of non-sulfidic tailing, off-site","non-sulfidic tailing, off-site"
Cobalt,Ecosystem quality,0.1591943027233463,0.012521170409401719,4.74969690471497,"treatment of drilling waste, landfarming",drilling waste
Cobalt,Ecosystem quality,0.0883978860040986,0.6920177995615903,2.6374258271457585,sulfuric acid production,sulfuric acid
Cobalt,Ecosystem quality,0.08216264315740862,0.2608930358727225,2.4513920737862773,"sulfur production, petroleum refinery operation",sulfur
Cobalt,Ecosystem quality,0.05781782389628597,4.13416123049485e-09,1.7250437641275669,onshore petroleum field infrastructure construction,onshore petroleum field infrastructure
Cobalt,Ecosystem quality,0.05531811751934046,0.18439678167952323,1.650462906407379,"sulfur production, petroleum refinery operation",sulfur
Cobalt,Human health,9.108001062624196e-06,50.600001096725464,32.07150146700537,"copper-cobalt mining, industrial",copper-cobalt ore
Cobalt,Human health,3.897238179095099e-06,30.114752745714696,13.723129709660533,"diesel, burned in building machine","diesel, burned in building machine"
Cobalt,Human health,2.4628346325565555e-06,0.04110476480818667,8.672243666632987,"electricity production, hard coal, at coal mine power plant","electricity, high voltage, for internal use in coal mining"
Cobalt,Human health,1.6200897878769254e-06,1.2210222342118877,5.704732756542399,"sulfur production, petroleum refinery operation",sulfur
Cobalt,Human health,1.316935372486385e-06,0.2913824114303771,4.6372518448608195,magnesium oxide production,magnesium oxide
Cobalt,Human health,1.062646243907331e-06,1.100000023841858,3.7418375707306293,"cobalt hydroxide, hydrometallurigcal procesing of copper-cobalt ore, economic allocation",cobalt hydroxide
Cobalt,Human health,5.844234810527058e-07,0.6573883106166514,2.0578981492272588,coke production,coke
Cobalt,Human health,3.9377292054080625e-07,3.73341385001026,1.3865708525897804,"heat production, at hard coal industrial furnace 1-10MW","heat, district or industrial, other than natural gas"
Cobalt,Human health,3.859431934068524e-07,0.062263016046137355,1.3590004665592692,coke production,sulfur
Cobalt,Human health,3.676895947826279e-07,2.8156961640546774,1.2947250771483823,"chlor-alkali electrolysis, membrane cell","sodium hydroxide, without water, in 50% solution state"
Cobalt,Water use,1.1372975320702186,0.5042255730469063,25.137749865923496,"chlor-alkali electrolysis, diaphragm cell","sodium hydroxide, without water, in 50% solution state"
Cobalt,Water use,0.5981901009803602,0.6920177995615903,13.22182868307446,sulfuric acid production,sulfuric acid
Cobalt,Water use,0.24145610721481459,3.079381146895944,5.336917610044426,"sodium chloride production, powder","sodium chloride, powder"
Cobalt,Water use,0.19065181865502218,1.6985440095420299,4.213987627414858,hard coal mine operation and hard coal preparation,hard coal
Cobalt,Water use,0.16912976183398365,0.10157458218645807,3.738284422482505,"chlor-alkali electrolysis, diaphragm cell","chlorine, gaseous"
Cobalt,Water use,0.16000102415322492,0.725057874184,3.536511431739415,"hydrochloric acid production, Mannheim process","hydrochloric acid, without water, in 30% solution state"
Cobalt,Water use,0.09919238608860519,0.07902678788749794,2.192454762089043,"electricity production, hydro, reservoir, alpine region","electricity, high voltage"
Cobalt,Water use,0.07533457051532652,0.011692414049623212,1.6651241530647505,"electricity production, hydro, reservoir, alpine region","electricity, high voltage"
Cobalt,Water use,0.06376655375889356,0.08145182666517095,1.4094356428305883,"chlor-alkali electrolysis, mercury cell","sodium hydroxide, without water, in 50% solution state"
Cobalt,Water use,0.05696706474063411,0.03596674530947778,1.2591461633080505,"electricity production, nuclear, pressure water reactor, heavy water moderated","electricity, high voltage"
Nickel,Climate change,1.169129377954139,2.0799999237060547,21.40883666520948,"nickel matte production, nickel-cobalt sulphite and nickel sub materials, mass allocation",nickel matte
Nickel,Climate change,0.28820961192485617,3.451870821517291,5.277630195077259,"heat production, heavy fuel oil, at industrial furnace 1MW","heat, district or industrial, other than natural gas"
Nickel,Climate change,0.24045981647662507,0.5936202237891159,4.40324658037654,hard coal mine operation and hard coal preparation,hard coal
Nickel,Climate change,0.15464756521624717,0.008863849076426523,2.831871755870666,natural gas venting from petroleum/natural gas production,"natural gas, vented"
Nickel,Climate change,0.13125011530698158,1.1384728284104315,2.4034228665215385,"heat production, at hard coal industrial furnace 1-10MW","heat, district or industrial, other than natural gas"
Nickel,Climate change,0.13067309623613949,1.0,2.3928566218669163,"nickel sulfate production, average excluding China, economic allocation",nickel sulfate
Nickel,Climate change,0.11996148246447468,2.031788009059851,2.196707937228033,"heat production, natural gas, at industrial furnace >100kW","heat, district or industrial, natural gas"
Nickel,Climate change,0.10536695640035007,0.07792449704771641,1.9294562278750902,"electricity production, hard coal","electricity, high voltage"
Nickel,Climate change,0.09085896611668154,1.1632871625282724,1.6637891424520692,"heat production, light fuel oil, at industrial furnace 1MW","heat, district or industrial, other than natural gas"
Nickel,Climate change,0.07993473498535546,0.08385708318615974,1.4637470560981918,"electricity production, hard coal","electricity, high voltage"
Nickel,Ecosystem quality,5.558562556459074,2.0799999237060547,82.93150002025395,"nickel matte production, nickel-cobalt sulphite and nickel sub materials, mass allocation",nickel matte
Nickel,Ecosystem quality,0.3203707592812154,1.0,4.7798018570369045,"nickel sulfate production, average excluding China, economic allocation",nickel sulfate
Nickel,Ecosystem quality,0.14084065952018004,0.5936202237891159,2.1012855462565647,hard coal mine operation and hard coal preparation,hard coal
Nickel,Ecosystem quality,0.12120380314534972,12.798826296741144,1.8083116095047642,"treatment of non-sulfidic overburden, off-site","non-sulfidic overburden, off-site"
Nickel,Human health,2.316097647551551e-05,2.0799999237060547,70.56350891567908,"nickel matte production, nickel-cobalt sulphite and nickel sub materials, mass allocation",nickel matte
Nickel,Human health,4.523608109507679e-06,5.0883771604188,13.781874071834816,coke production,coke
Nickel,Human health,1.1082908802986896e-06,1.0,3.3765801496234946,"nickel sulfate production, average excluding China, economic allocation",nickel sulfate
Nickel,Human health,8.607303888039947e-07,0.014365609337855056,2.6223486962466143,"electricity production, hard coal, at coal mine power plant","electricity, high voltage, for internal use in coal mining"
Nickel,Human health,7.093012593290982e-07,1.4195999578475949,2.1609963547729567,treatment of wastewater from nickel matte production,wastewater from nickel matte production
Nickel,Water use,0.15397437932453995,0.12267172002617435,14.898054196650254,"electricity production, hydro, reservoir, alpine region","electricity, high voltage"
Nickel,Water use,0.06663046386788116,0.5936202237891159,6.4469443955955095,hard coal mine operation and hard coal preparation,hard coal
Nickel,Water use,0.060976829505988026,2.0799999237060547,5.899917341477656,"nickel matte production, nickel-cobalt sulphite and nickel sub materials, mass allocation",nickel matte
Nickel,Water use,0.0404084505106531,0.0467466227880519,3.909788682709913,sulfuric acid production,sulfuric acid
Nickel,Water use,0.03710208432977176,0.059422961673767385,3.5898755726663443,"soda production, solvay process","soda ash, light"
Nickel,Water use,0.029835856358495713,0.00463071845611229,2.8868192681293623,"electricity production, hydro, reservoir, alpine region","electricity, high voltage"
Nickel,Water use,0.029159819024944356,0.012543803862222532,2.82140812064892,"ammonia production, steam reforming, liquid","ammonia, anhydrous, liquid"
Nickel,Water use,0.02761571282053375,0.02200149795248328,2.6720054861352516,"electricity production, hydro, reservoir, alpine region","electricity, high voltage"
Nickel,Water use,0.022674854146013775,0.014316003601595356,2.1939442617036327,"electricity production, nuclear, pressure water reactor, heavy water moderated","electricity, high voltage"
Nickel,Water use,0.021051628365546485,0.016771877712916407,2.036886277402037,"electricity production, hydro, reservoir, non-alpine region","electricity, high voltage"
"Graphite, natural",Climate change,1.3350508710875946,3.295823844820707,12.664546701270279,hard coal mine operation and hard coal preparation,hard coal
"Graphite, natural",Climate change,0.775041616557521,0.5731847082288243,7.352192310338356,"electricity production, hard coal","electricity, high voltage"
"Graphite, natural",Climate change,0.5880931826092946,0.6169505527767869,5.578763878702725,"electricity production, hard coal","electricity, high voltage"
"Graphite, natural",Climate change,0.50541926993697,4.384042668705146,4.7945034054202065,"heat production, at hard coal industrial furnace 1-10MW","heat, district or industrial, other than natural gas"
"Graphite, natural",Climate change,0.4468883316672079,0.4475520567410709,4.239267783138115,"electricity production, hard coal","electricity, high voltage"
"Graphite, natural",Climate change,0.41961343715076926,0.49953670296264546,3.9805329417501913,"electricity production, hard coal","electricity, high voltage"
"Graphite, natural",Climate change,0.39037201625320667,0.37586934337329386,3.7031432567661318,"electricity production, hard coal","electricity, high voltage"
"Graphite, natural",Climate change,0.3354232151434603,0.3921763961951598,3.1818884694738085,"electricity production, hard coal","electricity, high voltage"
"Graphite, natural",Climate change,0.31545801129512385,0.3117739067130005,2.9924947452244437,"electricity production, hard coal","electricity, high voltage"
"Graphite, natural",Climate change,0.2699330273504853,0.27030715625033597,2.5606360814629894,"electricity production, hard coal","electricity, high voltage"
"Graphite, natural",Ecosystem quality,0.781957866940508,3.295823844820707,36.89396788982213,hard coal mine operation and hard coal preparation,hard coal
"Graphite, natural",Ecosystem quality,0.21313219625390115,22.50624062369849,10.055902929456611,"treatment of non-sulfidic tailing, off-site","non-sulfidic tailing, off-site"
"Graphite, natural",Ecosystem quality,0.06327384238706885,0.5731847082288243,2.9853566387507033,"electricity production, hard coal","electricity, high voltage"
"Graphite, natural",Ecosystem quality,0.062451930109296304,4.384042668705146,2.946577560661707,"heat production, at hard coal industrial furnace 1-10MW","heat, district or industrial, other than natural gas"
"Graphite, natural",Ecosystem quality,0.05734469336861552,0.07975893661247901,2.7056103215269007,"electricity production, hard coal, at coal mine power plant","electricity, high voltage, for internal use in coal mining"
"Graphite, natural",Ecosystem quality,0.05669628541626574,0.6169505527767869,2.675017442824757,"electricity production, hard coal","electricity, high voltage"
"Graphite, natural",Ecosystem quality,0.04390970571480604,0.4475520567410709,2.0717270599655526,"electricity production, hard coal","electricity, high voltage"
"Graphite, natural",Ecosystem quality,0.03523888474617075,0.37586934337329386,1.662624467716084,"electricity production, hard coal","electricity, high voltage"
"Graphite, natural",Ecosystem quality,0.03480538816193791,0.002737561513733028,1.642171435992508,"treatment of drilling waste, landfarming",drilling waste
"Graphite, natural",Ecosystem quality,0.0341094698580105,1.0975093945426308e-10,1.609336946252678,"mine construction, underground, hard coal","mine infrastructure, underground, hard coal"
"Graphite, natural",Human health,4.778839442622806e-06,0.07975893661247901,50.8099074513938,"electricity production, hard coal, at coal mine power plant","electricity, high voltage, for internal use in coal mining"
"Graphite, natural",Human health,4.623964432517417e-07,4.384042668705146,4.916323465050356,"heat production, at hard coal industrial furnace 1-10MW","heat, district or industrial, other than natural gas"
"Graphite, natural",Human health,3.766559458681704e-07,2.9104971671649182,4.004707414918999,"diesel, burned in building machine","diesel, burned in building machine"
"Graphite, natural",Human health,2.849831389123929e-07,0.32056306825042324,3.0300174523961907,coke production,coke
"Graphite, natural",Human health,2.1222812606401133e-07,0.5731847082288243,2.2564665696273902,"electricity production, hard coal","electricity, high voltage"
"Graphite, natural",Human health,1.9292169289214106e-07,0.6169505527767869,2.0511953747155016,"electricity production, hard coal","electricity, high voltage"
"Graphite, natural",Human health,1.5369672388573725e-07,0.4475520567410709,1.6341449445999154,"electricity production, hard coal","electricity, high voltage"
"Graphite, natural",Human health,1.1896495021073454e-07,0.37586934337329386,1.2648673768477963,"electricity production, hard coal","electricity, high voltage"
"Graphite, natural",Human health,1.1035707408273315e-07,0.49953670296264546,1.1733461205536593,"electricity production, hard coal","electricity, high voltage"
"Graphite, natural",Human health,1.0474165795437203e-07,0.25734637279859873,1.1136415045671262,sulfuric acid production,sulfuric acid
"Graphite, natural",Water use,34.84162353923966,2.5336859980373387,95.81250110049004,natural graphite concentration,"graphite ore, concentrated"
"Graphite, natural",Water use,0.3699373148129825,3.295823844820707,1.017306766509099,hard coal mine operation and hard coal preparation,hard coal
"Graphite, synthetic",Climate change,5.86770027157001,14.485520280996488,13.416451350271894,hard coal mine operation and hard coal preparation,hard coal
"Graphite, synthetic",Climate change,3.1626682917957374,2.3389622741928653,7.231416621519358,"electricity production, hard coal","electricity, high voltage"
"Graphite, synthetic",Climate change,2.399066783852413,2.5167875129569355,5.4854476714770835,"electricity production, hard coal","electricity, high voltage"
"Graphite, synthetic",Climate change,2.3601234949744607,3.2626326484456425,5.396404142246024,calcined petroleum coke production,calcined petroleum coke
"Graphite, synthetic",Climate change,1.8245487343579607,1.8272585807729709,4.171816588744051,"electricity production, hard coal","electricity, high voltage"
"Graphite, synthetic",Climate change,1.711518805846294,2.037509730709191,3.9133745302174767,"electricity production, hard coal","electricity, high voltage"
"Graphite, synthetic",Climate change,1.5921842280057734,1.5330331463146445,3.6405169396960395,"electricity production, hard coal","electricity, high voltage"
"Graphite, synthetic",Climate change,1.3680229863080384,1.599490734274202,3.127973991920436,"electricity production, hard coal","electricity, high voltage"
"Graphite, synthetic",Climate change,1.3267421540457969,0.0760441472217855,3.0335856877958105,natural gas venting from petroleum/natural gas production,"natural gas, vented"
"Graphite, synthetic",Climate change,1.286510819402503,1.2714861878033457,2.9415970518708474,"electricity production, hard coal","electricity, high voltage"
"Graphite, synthetic",Ecosystem quality,3.4367936739858345,14.485520280996488,46.492804990126785,hard coal mine operation and hard coal preparation,hard coal
"Graphite, synthetic",Ecosystem quality,0.2899850110250051,0.02280830203783314,3.9229054306333375,"treatment of drilling waste, landfarming",drilling waste
"Graphite, synthetic",Ecosystem quality,0.2581979738152706,2.3389622741928653,3.49289168456748,"electricity production, hard coal","electricity, high voltage"
"Graphite, synthetic",Ecosystem quality,0.2520364430592903,0.3505495889006256,3.4095387471925016,"electricity production, hard coal, at coal mine power plant","electricity, high voltage, for internal use in coal mining"
"Graphite, synthetic",Ecosystem quality,0.23128677415793852,2.5167875129569355,3.128838070529122,"electricity production, hard coal","electricity, high voltage"
"Graphite, synthetic",Ecosystem quality,0.17927386398542353,1.8272585807729709,2.4252095379453853,"electricity production, hard coal","electricity, high voltage"
"Graphite, synthetic",Ecosystem quality,0.16011433814035883,1.144869254113756e-08,2.1660202518498948,onshore petroleum field infrastructure construction,onshore petroleum field infrastructure
"Graphite, synthetic",Ecosystem quality,0.14991499566298222,4.823678491863181e-10,2.0280439617928208,"mine construction, underground, hard coal","mine infrastructure, underground, hard coal"
"Graphite, synthetic",Ecosystem quality,0.14372648184129524,1.5330331463146445,1.9443259986028132,"electricity production, hard coal","electricity, high voltage"
"Graphite, synthetic",Ecosystem quality,0.13534945208661905,2.037509730709191,1.831001880914666,"electricity production, hard coal","electricity, high voltage"
"Graphite, synthetic",Human health,2.1003542338745472e-05,0.3505495889006256,64.1105818453407,"electricity production, hard coal, at coal mine power plant","electricity, high voltage, for internal use in coal mining"
"Graphite, synthetic",Human health,8.660272565893401e-07,2.3389622741928653,2.6434355890265997,"electricity production, hard coal","electricity, high voltage"
"Graphite, synthetic",Human health,7.870045751059132e-07,2.5167875129569355,2.4022291293173783,"electricity production, hard coal","electricity, high voltage"
"Graphite, synthetic",Human health,6.275105953079961e-07,1.8272585807729709,1.9153944953894224,"electricity production, hard coal","electricity, high voltage"
"Graphite, synthetic",Human health,5.803223103841191e-07,0.6527751118921298,1.7713583916712066,coke production,coke
"Graphite, synthetic",Human health,4.852143840355712e-07,1.5330331463146445,1.481053813616236,"electricity production, hard coal","electricity, high voltage"
"Graphite, synthetic",Human health,4.694615830618666e-07,3.6989631762458957,1.4329704370205159,"petroleum coke production, petroleum refinery operation",petroleum coke
"Graphite, synthetic",Human health,4.501243071081766e-07,2.037509730709191,1.373945916646729,"electricity production, hard coal","electricity, high voltage"
"Graphite, synthetic",Human health,4.26465203021416e-07,1.599490734274202,1.301729577874976,"electricity production, hard coal","electricity, high voltage"
"Graphite, synthetic",Human health,3.646404023157221e-07,1.9695573561626283,1.1130174129558934,"treatment of hard coal ash, residual material landfill",hard coal ash
"Graphite, synthetic",Water use,1.625916532172051,14.485520280996488,37.13667322561707,hard coal mine operation and hard coal preparation,hard coal
"Graphite, synthetic",Water use,0.2263489770883577,2.3389622741928653,5.169913603039456,"electricity production, hard coal","electricity, high voltage"
"Graphite, synthetic",Water use,0.1697523358447263,2.5167875129569355,3.8772205711748824,"electricity production, hard coal","electricity, high voltage"
"Graphite, synthetic",Water use,0.12709637714657368,1.8272585807729709,2.902939070277341,"electricity production, hard coal","electricity, high voltage"
"Graphite, synthetic",Water use,0.1193436254125365,2.037509730709191,2.7258626939386024,"electricity production, hard coal","electricity, high voltage"
"Graphite, synthetic",Water use,0.11374005393940127,1.5330331463146445,2.597874572422785,"electricity production, hard coal","electricity, high voltage"
"Graphite, synthetic",Water use,0.09621950984277913,1.599490734274202,2.1976973751455886,"electricity production, hard coal","electricity, high voltage"
"Graphite, synthetic",Water use,0.09254994374991375,0.058432363865243975,2.1138828162958196,"electricity production, nuclear, pressure water reactor, heavy water moderated","electricity, high voltage"
"Graphite, synthetic",Water use,0.09129208043697393,1.2714861878033457,2.085152646025188,"electricity production, hard coal","electricity, high voltage"
"Graphite, synthetic",Water use,0.07667233611654532,1.1023145365921525,1.7512310352125262,"electricity production, hard coal","electricity, high voltage"
"Lithium carbonate, brine",Climate change,1.361612095637627,23.061628383315924,37.713959234015654,"heat production, natural gas, at industrial furnace >100kW","heat, district or industrial, natural gas"
"Lithium carbonate, brine",Climate change,0.42456482647551597,3.6827054796153287,11.759605110144308,"heat production, at hard coal industrial furnace 1-10MW","heat, district or industrial, other than natural gas"
"Lithium carbonate, brine",Climate change,0.2535025386145637,0.01452986498447898,7.02151841751378,natural gas venting from petroleum/natural gas production,"natural gas, vented"
"Lithium carbonate, brine",Climate change,0.16825312834810702,0.1720327218841827,4.660278535895785,"electricity production, hard coal","electricity, high voltage"
"Lithium carbonate, brine",Climate change,0.08801679765389839,1.3100373420928884,2.437891033182445,"sweet gas, burned in gas turbine","sweet gas, burned in gas turbine"
"Lithium carbonate, brine",Climate change,0.07140690331437645,0.0005917576069306092,1.977829845411716,"machine operation, diesel, >= 74.57 kW, high load factor","machine operation, diesel, >= 74.57 kW, high load factor"
"Lithium carbonate, brine",Climate change,0.07022856770447217,0.17337241077521331,1.9451922819688705,hard coal mine operation and hard coal preparation,hard coal
"Lithium carbonate, brine",Climate change,0.062152847825002744,0.9902479556867563,1.721510830184312,"transport, freight, lorry >32 metric ton, EURO3","transport, freight, lorry >32 metric ton, EURO3"
"Lithium carbonate, brine",Climate change,0.05621545052972325,0.48761681325194534,1.5570566803807548,"heat production, at hard coal industrial furnace 1-10MW","heat, district or industrial, other than natural gas"
"Lithium carbonate, brine",Climate change,0.047896406403243885,0.04408096039763859,1.3266356287044347,"quicklime production, in pieces, loose","quicklime, in pieces, loose"
"Lithium carbonate, brine",Ecosystem quality,0.07161697200362709,0.0056329171039565034,13.82903676823235,"treatment of drilling waste, landfarming",drilling waste
"Lithium carbonate, brine",Ecosystem quality,0.05246118311480499,3.6827054796153287,10.130107569513909,"heat production, at hard coal industrial furnace 1-10MW","heat, district or industrial, other than natural gas"
"Lithium carbonate, brine",Ecosystem quality,0.04113384904632071,0.17337241077521331,7.942831077131814,hard coal mine operation and hard coal preparation,hard coal
"Lithium carbonate, brine",Ecosystem quality,0.03582801607714116,1.8193985120058556,6.918289586978233,"soda production, solvay process","soda ash, light"
"Lithium carbonate, brine",Ecosystem quality,0.025966851038811172,23.061628383315924,5.014126229083595,"heat production, natural gas, at industrial furnace >100kW","heat, district or industrial, natural gas"
"Lithium carbonate, brine",Ecosystem quality,0.02092966867875731,0.1720327218841827,4.041460419337431,"electricity production, hard coal","electricity, high voltage"
"Lithium carbonate, brine",Ecosystem quality,0.014142832266456738,1.0112582056055707e-09,2.7309413110884906,onshore petroleum field infrastructure construction,onshore petroleum field infrastructure
"Lithium carbonate, brine",Ecosystem quality,0.010331317151791856,0.5246392379795577,1.9949484145903746,"soda production, solvay process","soda ash, light"
"Lithium carbonate, brine",Ecosystem quality,0.009065832699535207,0.0006622305570935684,1.7505869101833291,"treatment of waste graphical paper, open burning",waste graphical paper
"Lithium carbonate, brine",Ecosystem quality,0.007355615166283622,0.0015697378998965183,1.4203486930772777,road construction,road
"Lithium carbonate, brine",Human health,6.043460850471191e-07,0.1720327218841827,21.939630259060433,"electricity production, hard coal","electricity, high voltage"
"Lithium carbonate, brine",Human health,3.884245761277639e-07,3.6827054796153287,14.101012308387805,"heat production, at hard coal industrial furnace 1-10MW","heat, district or industrial, other than natural gas"
"Lithium carbonate, brine",Human health,2.513844652763182e-07,0.004195612318025801,9.126032843588334,"electricity production, hard coal, at coal mine power plant","electricity, high voltage, for internal use in coal mining"
"Lithium carbonate, brine",Human health,1.7254404619881769e-07,1.8193985120058556,6.2638820216882065,"soda production, solvay process","soda ash, light"
"Lithium carbonate, brine",Human health,1.2805772574474104e-07,0.14404563594383327,4.648891130711521,coke production,coke
"Lithium carbonate, brine",Human health,1.1799355956779177e-07,0.4814452582438081,4.283530801173201,"heat production, wood chips from industry, at furnace 300kW","heat, district or industrial, other than natural gas"
"Lithium carbonate, brine",Human health,7.4519400933345e-08,0.0005941730165480451,2.7052845117327124,"smelting of copper concentrate, sulfide ore","copper, anode"
"Lithium carbonate, brine",Human health,7.163364043802653e-08,0.0005825979554816749,2.600522489027537,"smelting of copper concentrate, sulfide ore","copper, anode"
"Lithium carbonate, brine",Human health,5.143022026837226e-08,0.48761681325194534,1.867075910224765,"heat production, at hard coal industrial furnace 1-10MW","heat, district or industrial, other than natural gas"
"Lithium carbonate, brine",Human health,4.975456246573317e-08,0.5246392379795577,1.8062443543659312,"soda production, solvay process","soda ash, light"
"Lithium carbonate, brine",Water use,1.1359830462927314,1.8193985120058556,60.77903178438814,"soda production, solvay process","soda ash, light"
"Lithium carbonate, brine",Water use,0.32757049971842406,0.5246392379795577,17.52615752408293,"soda production, solvay process","soda ash, light"
"Lithium carbonate, brine",Water use,0.047365258136370804,0.8436119907273243,2.5342055404270427,"sodium chloride production, brine solution","sodium chloride, brine solution"
"Lithium carbonate, brine",Water use,0.02742431046697947,0.7809119563517141,1.467295698626078,"lime production, milled, loose",lime
"Lithium carbonate, brine",Water use,0.0233917139941271,0.4166245722190376,1.251537805058055,"sodium chloride production, brine solution","sodium chloride, brine solution"
"Lithium carbonate, brine",Water use,0.019460058281217045,0.17337241077521331,1.041180592140061,hard coal mine operation and hard coal preparation,hard coal
"Lithium carbonate, spodumene",Climate change,16.199066181082436,140.51185135837892,67.42842176956484,"heat production, at hard coal industrial furnace 1-10MW","heat, district or industrial, other than natural gas"
"Lithium carbonate, spodumene",Climate change,1.6562682566721674,4.0888092970665495,6.89419706827633,hard coal mine operation and hard coal preparation,hard coal
"Lithium carbonate, spodumene",Climate change,0.755471882506022,0.6952907041481508,3.1446427935551107,"quicklime production, in pieces, loose","quicklime, in pieces, loose"
"Lithium carbonate, spodumene",Climate change,0.37768257281542367,68.97136240556975,1.5720992512860437,"transport, freight, sea, bulk carrier for dry goods","transport, freight, sea, bulk carrier for dry goods"
"Lithium carbonate, spodumene",Climate change,0.2657244477293033,0.09894918445284405,1.1060748771370779,"electricity production, hard coal, at coal mine power plant","electricity, high voltage, for internal use in coal mining"
"Lithium carbonate, spodumene",Climate change,0.24222219391405184,1.0211731689643484,1.0082470230450435,hard coal mine operation and hard coal preparation,hard coal
"Lithium carbonate, spodumene",Ecosystem quality,2.001631139040244,140.51185135837892,42.961780329623295,"heat production, at hard coal industrial furnace 1-10MW","heat, district or industrial, other than natural gas"
"Lithium carbonate, spodumene",Ecosystem quality,0.9700993580967943,4.0888092970665495,20.8216162846301,hard coal mine operation and hard coal preparation,hard coal
"Lithium carbonate, spodumene",Ecosystem quality,0.15057425169438854,68.97136240556975,3.231833177662044,"transport, freight, sea, bulk carrier for dry goods","transport, freight, sea, bulk carrier for dry goods"
"Lithium carbonate, spodumene",Ecosystem quality,0.11690027618371873,12.34438433521949,2.509075667300679,"treatment of non-sulfidic tailing, off-site","non-sulfidic tailing, off-site"
"Lithium carbonate, spodumene",Ecosystem quality,0.11548301429393101,0.9040521787446417,2.478656429314702,sulfuric acid production,sulfuric acid
"Lithium carbonate, spodumene",Ecosystem quality,0.07114200467706762,0.09894918445284405,1.5269482561161145,"electricity production, hard coal, at coal mine power plant","electricity, high voltage, for internal use in coal mining"
"Lithium carbonate, spodumene",Ecosystem quality,0.054309572032522985,7.300000190734864,1.1656672690333254,spodumene concentrate production,spodumene concentrate
"Lithium carbonate, spodumene",Ecosystem quality,0.05067948303854571,2.0687043392092334e-08,1.0877532703477266,inert material landfill construction,inert material landfill
"Lithium carbonate, spodumene",Ecosystem quality,0.04895033101269598,1.0211731689643484,1.0506398142058029,hard coal mine operation and hard coal preparation,hard coal
"Lithium carbonate, spodumene",Ecosystem quality,0.04873432095653757,0.15474727268922173,1.0460035071456935,"sulfur production, petroleum refinery operation",sulfur
"Lithium carbonate, spodumene",Human health,1.4820152359972753e-05,140.51185135837892,47.31481899299762,"heat production, at hard coal industrial furnace 1-10MW","heat, district or industrial, other than natural gas"
"Lithium carbonate, spodumene",Human health,5.928643053205236e-06,0.09894918445284405,18.927786039104816,"electricity production, hard coal, at coal mine power plant","electricity, high voltage, for internal use in coal mining"
"Lithium carbonate, spodumene",Human health,4.55526225263646e-06,7.300000190734864,14.543130442521646,spodumene concentrate production,spodumene concentrate
"Lithium carbonate, spodumene",Human health,4.704283742676427e-07,68.97136240556975,1.5018896457340187,"transport, freight, sea, bulk carrier for dry goods","transport, freight, sea, bulk carrier for dry goods"
"Lithium carbonate, spodumene",Human health,3.67955153395858e-07,0.9040521787446417,1.1747336368475572,sulfuric acid production,sulfuric acid
"Lithium carbonate, spodumene",Human health,3.5923261975455176e-07,0.1747228101590813,1.1468860756096984,"smelting of copper concentrate, sulfide ore",sulfuric acid
"Lithium carbonate, spodumene",Human health,3.28590837214412e-07,0.3696151547015144,1.049059119496531,coke production,coke
"Lithium carbonate, spodumene",Water use,0.994194882378577,1.5923095820369315,29.35232958780446,"soda production, solvay process","soda ash, light"
"Lithium carbonate, spodumene",Water use,0.7814756563160347,0.9040521787446417,23.072067092274068,sulfuric acid production,sulfuric acid
"Lithium carbonate, spodumene",Water use,0.4589453815974328,4.0888092970665495,13.549774136052031,hard coal mine operation and hard coal preparation,hard coal
"Lithium carbonate, spodumene",Water use,0.28667696642754,0.45914386473177426,8.463769984091428,"soda production, solvay process","soda ash, light"
"Lithium carbonate, spodumene",Water use,0.08795713150012117,0.07007563633002814,2.596821568033698,"electricity production, hydro, reservoir, alpine region","electricity, high voltage"
"Lithium carbonate, spodumene",Water use,0.04146056513379784,0.7384448278208634,1.2240700432819804,"sodium chloride production, brine solution","sodium chloride, brine solution"
Neodymium,Climate change,9.271218526065491,1.2827789910238314,16.83872502192329,citric acid production,citric acid
Neodymium,Climate change,2.887746993994258,1.0000000000047544,5.24483134854882,"rare earth oxides production, from rare earth carbonate concentrate",neodymium oxide
Neodymium,Climate change,1.9849127276757383,4.900129904737229,3.6050708458526266,hard coal mine operation and hard coal preparation,hard coal
Neodymium,Climate change,1.527438236471586,0.08754733372436457,2.774189000033369,natural gas venting from petroleum/natural gas production,"natural gas, vented"
Neodymium,Climate change,1.421475796891815,0.50766993610693,2.5817361549494633,"ammonia production, partial oxidation, liquid","ammonia, anhydrous, liquid"
Neodymium,Climate change,1.3506631172791281,0.9428155771009391,2.4531235851226127,"ammonia production, steam reforming, liquid","ammonia, anhydrous, liquid"
Neodymium,Climate change,1.3021478372030577,0.19058431219989763,2.365008365071896,citric acid production,citric acid
Neodymium,Climate change,1.2868686752490943,11.162390349730156,2.337257794207355,"heat production, at hard coal industrial furnace 1-10MW","heat, district or industrial, other than natural gas"
Neodymium,Climate change,1.2323908299663209,0.44013958962636146,2.2383131458933865,"ammonia production, partial oxidation, liquid","ammonia, anhydrous, liquid"
Neodymium,Climate change,1.0710840352875741,0.4031591339343894,1.9453418657831383,citric acid production,citric acid
Neodymium,Ecosystem quality,33.69001501547365,3557.583499261606,46.21660828287343,"treatment of non-sulfidic overburden, off-site","non-sulfidic overburden, off-site"
Neodymium,Ecosystem quality,19.095939816879643,1.1515943516024052,26.196176223272733,"rare earth element mine operation and beneficiation, ion adsorption clays",rare earth carbonate concentrate
Neodymium,Ecosystem quality,4.36344575478199,0.26314072692503526,5.985858513856498,"rare earth element mine operation and beneficiation, ion adsorption clays",rare earth carbonate concentrate
Neodymium,Ecosystem quality,4.137710946136154,1.2827789910238314,5.676191177044617,citric acid production,citric acid
Neodymium,Ecosystem quality,2.5277015412702317,0.19058431219989763,3.4675494188781477,citric acid production,citric acid
Neodymium,Ecosystem quality,1.1625909965003491,4.900129904737229,1.5948646105908155,hard coal mine operation and hard coal preparation,hard coal
Neodymium,Human health,1.6584248783271418e-05,1.5670465582547184,21.050038507465555,zinc mine operation,zinc concentrate
Neodymium,Human health,1.1468935270116397e-05,1.2827789910238314,14.557278549698472,citric acid production,citric acid
Neodymium,Human health,7.105032054286773e-06,0.11858314305208584,9.018267893471094,"electricity production, hard coal, at coal mine power plant","electricity, high voltage, for internal use in coal mining"
Neodymium,Human health,6.370567861341408e-06,0.12077334411158466,8.086027926144409,barium carbonate production,barium carbonate
Neodymium,Human health,3.4230297622794157e-06,3.85039243899313,4.3447797515474065,coke production,coke
Neodymium,Human health,1.6746123678722918e-06,0.6473694347028093,2.125550291089896,"smelting and refining of nickel concentrate, 16% Ni",ammonium sulfate
Neodymium,Human health,1.344553033675616e-06,0.08902074810119333,1.7066129134984132,barium oxide production,barium oxide
Neodymium,Human health,1.2773251866464985e-06,0.09450633746227774,1.621282019875761,barium hydroxide production,barium hydroxide
Neodymium,Human health,1.2258398718851919e-06,3.1623949086591177,1.5559327916738972,primary zinc production from concentrate,ammonium sulfate
Neodymium,Human health,1.2217177210954882e-06,3.492535470018469e-06,1.5507006322923782,"treatment of low level radioactive waste, plasma torch incineration",low level radioactive waste
Neodymium,Water use,11.012881275024116,1.2827789910238314,30.491761465114852,citric acid production,citric acid
Neodymium,Water use,2.377376179018833,2.75027391700146,6.582327145202943,sulfuric acid production,sulfuric acid
Neodymium,Water use,2.1917061127652806,0.9428155771009391,6.068255738271972,"ammonia production, steam reforming, liquid","ammonia, anhydrous, liquid"
Neodymium,Water use,2.144807859421139,3.1623949086591177,5.938406853280977,primary zinc production from concentrate,ammonium sulfate
Neodymium,Water use,1.811940541456439,0.3225272874864744,5.016785108213181,citric acid production,citric acid
Neodymium,Water use,1.186258139182534,0.50766993610693,3.2844356815174716,"ammonia production, partial oxidation, liquid","ammonia, anhydrous, liquid"
Neodymium,Water use,1.028461867516926,0.44013958962636146,2.8475394546759047,"ammonia production, partial oxidation, liquid","ammonia, anhydrous, liquid"
Neodymium,Water use,0.880640643133354,0.7016082993289747,2.438261500903065,"electricity production, hydro, reservoir, alpine region","electricity, high voltage"
Neodymium,Water use,0.7858842230690005,0.348425026478492,2.1759059841462425,"chlor-alkali electrolysis, diaphragm cell","sodium hydroxide, without water, in 50% solution state"
Neodymium,Water use,0.6565029935745824,0.4031591339343894,1.8176835090929606,citric acid production,citric acid
"Copper concentrate, Canada",Climate change,0.09371435327059023,0.8128849607566634,7.498790424075192,"heat production, at hard coal industrial furnace 1-10MW","heat, district or industrial, other than natural gas"
"Copper concentrate, Canada",Climate change,0.055002058548343766,0.052180366136634175,4.401128488352697,"electricity production, lignite","electricity, high voltage"
"Copper concentrate, Canada",Climate change,0.05253303368662151,0.08066560499618647,4.203563234539044,"electricity production, natural gas, conventional power plant","electricity, high voltage"
"Copper concentrate, Canada",Climate change,0.05207913458183193,1.0003153551702537,4.167243352453697,"copper mine operation and beneficiation, sulfide ore","copper concentrate, sulfide ore"
"Copper concentrate, Canada",Climate change,0.04626774217492989,0.11422061226919758,3.702230126511751,hard coal mine operation and hard coal preparation,hard coal
"Copper concentrate, Canada",Climate change,0.04260554234155641,0.002441998337360053,3.4091899668869283,natural gas venting from petroleum/natural gas production,"natural gas, vented"
"Copper concentrate, Canada",Climate change,0.0315947356923106,0.02997387588622525,2.528132491899053,"electricity production, lignite","electricity, high voltage"
"Copper concentrate, Canada",Climate change,0.020620383571941764,0.013678214754920055,1.6499920180163077,"ferrochromium production, high-carbon, 68% Cr","ferrochromium, high-carbon, 68% Cr"
"Copper concentrate, Canada",Climate change,0.01803214576904717,0.015198950449725019,1.442887639933102,"electricity production, hard coal","electricity, high voltage"
"Copper concentrate, Canada",Climate change,0.017148509841906627,0.25523750980447174,1.3721812817546717,"sweet gas, burned in gas turbine","sweet gas, burned in gas turbine"
"Copper concentrate, Canada",Ecosystem quality,1.4997729393453394,158.3723681691284,68.96960557577681,"treatment of non-sulfidic tailing, off-site","non-sulfidic tailing, off-site"
"Copper concentrate, Canada",Ecosystem quality,0.13982994245801145,0.0342834303644906,6.430317367389153,blasting,blasting
"Copper concentrate, Canada",Ecosystem quality,0.1269742812894627,90.26343472536378,5.839127956678979,"treatment of sulfidic tailings, from copper mine operation, tailings impoundment","sulfidic tailings, from copper mine operation"
"Copper concentrate, Canada",Ecosystem quality,0.06907255241419083,0.016935171388636035,3.1764186238740826,blasting,blasting
"Copper concentrate, Canada",Ecosystem quality,0.04306739826644668,5.411130649437574e-10,1.9805274476470383,aluminium hydroxide factory construction,aluminium hydroxide factory
"Copper concentrate, Canada",Ecosystem quality,0.02788609042789775,1.0003153551702537,1.2823892253330578,"copper mine operation and beneficiation, sulfide ore","copper concentrate, sulfide ore"
"Copper concentrate, Canada",Ecosystem quality,0.027099660217283047,0.11422061226919758,1.2462238965582584,hard coal mine operation and hard coal preparation,hard coal
"Copper concentrate, Canada",Human health,6.445080450399298e-07,0.0342834303644906,20.948021436300472,blasting,blasting
"Copper concentrate, Canada",Human health,4.792756297612608e-07,1.0003153551702537,15.577580828356133,"copper mine operation and beneficiation, sulfide ore","copper concentrate, sulfide ore"
"Copper concentrate, Canada",Human health,3.183711223778567e-07,0.016935171388636035,10.34780736655847,blasting,blasting
"Copper concentrate, Canada",Human health,2.216441694209719e-07,0.249316276326247,7.203954780694602,coke production,coke
"Copper concentrate, Canada",Human health,1.7264169726997103e-07,0.010119461564648201,5.611259631346563,"treatment of electric arc furnace slag, residual material landfill",electric arc furnace slag
"Copper concentrate, Canada",Human health,1.6561624430575764e-07,0.0027641388019368075,5.382915950570717,"electricity production, hard coal, at coal mine power plant","electricity, high voltage, for internal use in coal mining"
"Copper concentrate, Canada",Human health,1.2861506303105827e-07,0.013678214754920055,4.180290871681558,"ferrochromium production, high-carbon, 68% Cr","ferrochromium, high-carbon, 68% Cr"
"Copper concentrate, Canada",Human health,1.0787637312156193e-07,0.0008601415098496783,3.50623486240707,"smelting of copper concentrate, sulfide ore","copper, anode"
"Copper concentrate, Canada",Human health,1.0369886535803481e-07,0.0008433851270706823,3.370456072903742,"smelting of copper concentrate, sulfide ore","copper, anode"
"Copper concentrate, Canada",Human health,8.573710226632666e-08,0.8128849607566634,2.7866566910736177,"heat production, at hard coal industrial furnace 1-10MW","heat, district or industrial, other than natural gas"
"Copper concentrate, Canada",Water use,0.41326651181775254,0.32925032110079905,19.66679795907581,"electricity production, hydro, reservoir, non-alpine region","electricity, high voltage"
"Copper concentrate, Canada",Water use,0.38349944337870967,0.24212633859806293,18.250223172385123,"electricity production, nuclear, pressure water reactor, heavy water moderated","electricity, high voltage"
"Copper concentrate, Canada",Water use,0.35088178998403474,1.0003153551702537,16.697992878208456,"copper mine operation and beneficiation, sulfide ore","copper concentrate, sulfide ore"
"Copper concentrate, Canada",Water use,0.21041395592858678,0.16763725240850882,10.013317413055477,"electricity production, hydro, reservoir, alpine region","electricity, high voltage"
"Copper concentrate, Canada",Water use,0.13378271140449557,0.10658497465454093,6.366539461513029,"electricity production, hydro, reservoir, non-alpine region","electricity, high voltage"
"Copper concentrate, Canada",Water use,0.10789652754804545,0.08596139615716412,5.134650757061691,"electricity production, hydro, reservoir, non-alpine region","electricity, high voltage"
"Copper concentrate, Canada",Water use,0.09326234325886172,0.07430230997796058,4.438229591830237,"electricity production, hydro, reservoir, non-alpine region","electricity, high voltage"
"Copper concentrate, Canada",Water use,0.03646468499218292,0.02905149316286793,1.7353053583467237,"electricity production, hydro, reservoir, alpine region","electricity, high voltage"
"Market for copper, cathode",Climate change,0.5138078959111426,4.45680620660343,7.325303562481861,"heat production, at hard coal industrial furnace 1-10MW","heat, district or industrial, other than natural gas"
"Market for copper, cathode",Climate change,0.32693891057584434,0.80711011139056,4.661132663421247,hard coal mine operation and hard coal preparation,hard coal
"Market for copper, cathode",Climate change,0.25987417276886243,3.4979269003021227,3.704997954936043,"diesel, burned in building machine","diesel, burned in building machine"
"Market for copper, cathode",Climate change,0.2157456388209631,0.012365773613908376,3.0758622224802066,natural gas venting from petroleum/natural gas production,"natural gas, vented"
"Market for copper, cathode",Climate change,0.2074658623755159,0.21212632034197063,2.9578183458191973,"electricity production, hard coal","electricity, high voltage"
"Market for copper, cathode",Climate change,0.1507022222609773,0.11145234971996222,2.1485452722454546,"electricity production, hard coal","electricity, high voltage"
"Market for copper, cathode",Climate change,0.11436293619647095,0.11997465502072303,1.630460003831418,"electricity production, hard coal","electricity, high voltage"
"Market for copper, cathode",Climate change,0.10629516726427277,0.1983901820171122,1.5154386953411874,"electricity production, natural gas, conventional power plant","electricity, high voltage"
"Market for copper, cathode",Climate change,0.08954575996580239,0.06550788741090972,1.276644208278335,"electricity production, lignite","electricity, high voltage"
"Market for copper, cathode",Climate change,0.08460137546270759,0.08472702666055472,1.2061526535493587,"electricity production, hard coal","electricity, high voltage"
"Market for copper, cathode",Ecosystem quality,2.035495137446122,0.23905765097611012,21.51876556029259,"smelting of copper concentrate, sulfide ore","copper, anode"
"Market for copper, cathode",Ecosystem quality,1.8242541451662264,0.23440057831988712,19.28557654108523,"smelting of copper concentrate, sulfide ore","copper, anode"
"Market for copper, cathode",Ecosystem quality,1.396305536890433,147.44646257021517,14.761406670114935,"treatment of non-sulfidic tailing, off-site","non-sulfidic tailing, off-site"
"Market for copper, cathode",Ecosystem quality,0.7012221241080453,0.02817518657278474,7.413151825704533,"smelting of copper concentrate, sulfide ore","copper, anode"
"Market for copper, cathode",Ecosystem quality,0.56778357455383,0.01587787966339684,6.002471538761992,"platinum group metal mine operation, ore with high palladium content","copper, cathode"
"Market for copper, cathode",Ecosystem quality,0.41549037507288983,0.046545272168085176,4.392464422670825,"smelting of copper concentrate, sulfide ore","copper, anode"
"Market for copper, cathode",Ecosystem quality,0.3592260068208407,0.08807483986238823,3.797651039165083,blasting,blasting
"Market for copper, cathode",Ecosystem quality,0.33810809539525677,0.042685909418793806,3.5743975532047436,"smelting of copper concentrate, sulfide ore","copper, anode"
"Market for copper, cathode",Ecosystem quality,0.19149266793517333,0.80711011139056,2.0244144788191734,hard coal mine operation and hard coal preparation,hard coal
"Market for copper, cathode",Ecosystem quality,0.18044864790173085,0.044242302799796566,1.9076597523790009,blasting,blasting
"Market for copper, cathode",Human health,2.9981894907931955e-05,0.23905765097611012,33.89670871704723,"smelting of copper concentrate, sulfide ore","copper, anode"
"Market for copper, cathode",Human health,2.882084735767737e-05,0.23440057831988712,32.58406017570341,"smelting of copper concentrate, sulfide ore","copper, anode"
"Market for copper, cathode",Human health,5.949604911862301e-06,0.046545272168085176,6.726460262041541,"smelting of copper concentrate, sulfide ore","copper, anode"
"Market for copper, cathode",Human health,5.251627861869217e-06,0.02817518657278474,5.937346537660488,"smelting of copper concentrate, sulfide ore","copper, anode"
"Market for copper, cathode",Human health,2.1167517484359133e-06,0.01587787966339684,2.3931415163505996,"platinum group metal mine operation, ore with high palladium content","copper, cathode"
"Market for copper, cathode",Human health,1.8230413879196716e-06,0.017985352985027313,2.0610806320012225,"smelting of copper concentrate, sulfide ore","copper, anode"
"Market for copper, cathode",Human health,1.6557544636988123e-06,0.08807483986238823,1.8719506200424036,blasting,blasting
"Market for copper, cathode",Human health,1.3660668080986376e-06,0.042685909418793806,1.5444376956272894,"smelting of copper concentrate, sulfide ore","copper, anode"
"Market for copper, cathode",Human health,1.3568498595798148e-06,0.057985399328399315,1.5340172662260807,zinc mine operation,"copper concentrate, sulfide ore"
"Market for copper, cathode",Human health,1.170283915784558e-06,0.01953206458981503,1.3230909230857153,"electricity production, hard coal, at coal mine power plant","electricity, high voltage, for internal use in coal mining"
"Market for copper, cathode",Water use,2.9835109348106337,2.3769695951733514,53.24710778641014,"electricity production, hydro, reservoir, alpine region","electricity, high voltage"
"Market for copper, cathode",Water use,0.21848212966216873,0.2436022682691208,3.89927899100002,"industrial gases production, cryogenic air separation","oxygen, liquid"
"Market for copper, cathode",Water use,0.18331378608715113,0.17238108226052523,3.2716249880736585,"copper production, cathode, solvent extraction and electrowinning process","copper, cathode"
"Market for copper, cathode",Water use,0.1657340409319435,0.10463790027534821,2.957876989293028,"electricity production, nuclear, pressure water reactor, heavy water moderated","electricity, high voltage"
"Market for copper, cathode",Water use,0.10020895462910126,0.5846264521238123,1.7884422497140635,"copper mine operation and beneficiation, sulfide ore","copper concentrate, sulfide ore"
"Market for copper, cathode",Water use,0.09529002140170098,0.4898339741155296,1.7006534084875906,"copper mine operation and beneficiation, sulfide ore","copper concentrate, sulfide ore"
"Market for copper, cathode",Water use,0.09059347872473254,0.80711011139056,1.6168336003460504,hard coal mine operation and hard coal preparation,hard coal
"Market for copper, cathode",Water use,0.07392696086844971,0.05889776913421246,1.3193840879734913,"electricity production, hydro, reservoir, non-alpine region","electricity, high voltage"
"Market for copper, cathode",Water use,0.06332679349342107,0.039982025811119884,1.1302015218274877,"electricity production, nuclear, pressure water reactor, heavy water moderated","electricity, high voltage"
"Market for copper, cathode",Water use,0.059110025625116795,0.047093084875768396,1.0549443171113533,"electricity production, hydro, reservoir, non-alpine region","electricity, high voltage"
